Masked Date,col-A1,col-A2,col-A3,col-A4,col-B1,col-B2,col-B3,col-B4,col-C1,col-C2,col-C3,col-C4,col-D1,col-D2,col-D3,col-D4,col-E1,col-E2,col-E3,col-E4,col-F1,col-F2,col-F3,col-F4,col-G,col-H,col-I,col-J,col-L,col-M,col-N,col-N1,col-O,col-P,col-Q,col-R,col-S,col-T,col-U,col-V,col-W,col-Predict
1,3257.498203,271.6807751,5527.909694,1413.758249,0.629373898,0,755.092422,198.5330158,1.894614802,0,373.1904376,48.24239126,0,0,220.2729921,0.97790127,0,0,177.5916238,0.67274622,0,0,0,4.02091463,4471.95768,7780.007675,1.12612654,144,0,0.8020936,244.4821646,0,0,4118.743187,0,54,500,300,1052.016676,150,12152.60784,18572.65196
2,3257.513931,271.6807751,5528.097452,1413.758249,0.629494586,0,755.3049103,198.5330158,1.892512166,0,372.7885579,48.24239126,0,0,220.406096,0.97790127,0,0,177.279006,0.67274622,0,0,0,4.02091463,4471.957446,7779.840508,1.12612654,144,0,0.8020936,244.4821646,0,0,4162.411187,0,54,500,300,1052.016676,150,12152.43784,18616.14996
3,3452.84756,271.6807751,5518.302656,1413.758249,0.626721238,0,751.3278918,198.5330158,1.887185489,0,371.7515558,48.24239126,0,0,219.2018134,0.97790127,0,0,176.3705014,0.67274622,0,0,0,4.02091463,4667.190538,7763.011341,1.12612654,144,0,0.8020936,244.4821646,0,0,4162.411187,0,54,500,300,907.0062264,0,12330.84784,18499.54951
4,3453.059692,271.6807751,5519.813443,1413.758249,0.626554837,0,751.2766866,198.5330158,1.896528621,0,372.9288792,48.24239126,0,0,219.6912362,0.97790127,0,0,176.5375642,0.67274622,0,0,0,4.02091463,4673.248574,7760.468004,1.12612654,144,0,0.8020936,244.4821646,0,0,4162.411187,0,50,500,300,945.0052033,0,12334.35784,18537.05848
5,3451.725408,271.6848608,5512.606946,1413.758249,0.627386841,0,752.4356968,198.5330158,1.897229482,0,372.9543873,48.24239126,0,0,218.2458494,0.97790127,0,0,175.5063158,0.67274622,0,0,0,4.02091463,4671.970324,7751.918975,1.12612654,144,0,0.8020936,244.4821646,0,0,4162.411308,0,50,500,300,814.0050908,0,12324.53784,18396.23849
8,3241.915299,471.6848608,5504.279402,1413.758249,0.629896585,0,754.5009328,198.5330158,1.902836366,0,373.6351461,48.24239126,0,0,217.8862422,0.97790127,0,0,177.1784199,0.67274622,0,0,0,4.02091463,4652.938679,7756.879575,1.12612654,144,0,0.8020936,244.4821646,0,0,4162.411308,0,50,500,300,729.0069958,0,12310.45784,18297.1604
9,3242.28793,471.6848608,5504.532405,1413.758249,0.628676392,0,753.0518731,198.5330158,1.903677399,0,373.812647,48.24239126,0,0,218.2016047,0.97790127,0,0,177.258012,0.67274622,0,0,0,4.02091463,4653.287717,7756.279188,1.12612654,144,0,0.8020936,244.4821646,0,0,4162.411308,0,50,500,300,729.0069958,0,12310.20784,18296.9104
10,3199.64599,471.7048608,5501.599523,1413.758249,0.629009172,0,753.2746967,198.5330158,1.905499636,0,374.1139247,48.24239126,0,0,218.3210372,0.97790127,0,0,177.2083803,0.67274622,0,0,0,4.02091463,4610.722984,7753.885156,1.12612654,144,0,0.8020936,244.4821646,0,0,4162.411308,0,50,500,300,551.0027931,0,12265.24784,18073.94619
11,3198.425821,471.7048608,5504.098177,1413.758249,0.63083946,0,755.1236408,198.5330158,1.912508242,0,375.5127627,48.24239126,0,0,219.0696115,0.97790127,0,0,178.5730403,0.67274622,0,0,0,4.02091463,4649.324675,7721.931805,1.12612654,144,0,0.8020936,244.4821646,0,0,4162.411308,0,50,500,300,389.0023458,0,12271.89784,17918.59575
12,3197.106851,471.7323226,5503.909164,1413.758249,0.6238,0,759.8611789,198.5330158,1.921619429,0,377.5721931,48.24239126,0,0,221.2632262,0.97790127,0,0,179.2272618,0.67274622,0,0,0,4.02091463,4709.320885,7670.101951,1.12612654,144,0,0.8020936,244.4821646,0,0,4162.411308,0,50,500,300,330.0022639,0,12280.06784,17867.76567
15,3597.534178,471.7323226,5498.149497,1413.758249,0.621727937,0,757.0534529,198.5330158,1.915031339,0,376.2542345,48.24239126,0,0,218.2211554,0.97790127,0,0,178.1877058,0.67274622,0,0,0,4.02091463,5008.259477,7757.615047,1.12612654,144,0,0.8020936,244.4821646,0,0,4162.411308,0,50,500,300,216.0031944,0,12666.51784,18140.2166
16,3597.536979,471.7323226,5498.399542,1413.758249,0.622654912,0,758.1947946,198.5330158,1.917554437,0,376.7627016,48.24239126,0,0,218.839444,0.97790127,0,0,178.6521917,0.67274622,0,0,0,4.02091463,5008.30573,7760.557672,1.12612654,144,0,0.8020936,244.4821646,0,0,4162.411308,0,50,500,300,216.0031944,0,12669.50784,18143.2066
17,3593.043472,471.7323226,5498.64463,1413.758249,0.621237185,0,755.9921095,198.5330158,1.910265488,0,375.0204539,48.24239126,0,0,217.9325097,0.97790127,0,0,178.6021564,0.67274622,0,0,0,4.02091463,4987.956757,7771.747618,1.12612654,144,0,0.8020936,244.4821646,0,0,4162.411308,0,50,500,300,216.0031944,0,12660.34784,18134.0466
18,3593.293697,471.7323226,5488.797634,1413.758249,0.617692867,0,751.7306082,198.5330158,1.906060325,0,373.9629122,48.24239126,0,0,217.7380624,0.97790127,0,0,178.7167731,0.67274622,0,0,0,4.02091463,5069.913408,7674.787573,1.12612654,144,0,0.8020936,244.4821646,0,0,4162.411308,0,50,500,300,270.0021889,0,12645.34784,18173.04559
19,3472.083661,471.7323226,5490.463289,1413.758249,0.618892482,0,753.0542913,198.5330158,1.909844972,0,374.4982954,48.24239126,0,0,219.1933778,0.97790127,0,0,178.8872165,0.67274622,0,0,0,4.02091463,4948.87042,7679.77599,1.12612654,144,0,0.8020936,244.4821646,0,0,4162.411308,0,50,500,300,456.0028008,0,12529.28784,18242.9862
22,3448.115627,471.7323226,5497.887899,1413.758249,0.618238147,0,752.8803269,198.5330158,1.899472236,0,372.8109544,48.24239126,0,0,217.1744832,0.97790127,0,0,177.7403597,0.67274622,0,0,0,4.02091463,4925.238544,7681.826357,1.12612654,144,0,0.8020936,244.4821646,0,0,4162.411308,0,50,500,300,715.005875,0,12507.70784,18480.40928
23,3448.118145,471.7323226,5498.132389,1413.758249,0.617747395,0,752.2953152,198.5330158,1.900032924,0,372.9336375,48.24239126,0,0,217.5500122,0.97790127,0,0,178.160331,0.67274622,0,0,0,4.02091463,4925.247693,7682.397458,1.12612654,144,0,0.8020936,244.4821646,0,0,4212.990908,0,50,500,300,715.005875,0,12508.28784,18531.56888
24,3618.554957,471.7323226,5499.98202,1413.758249,0.590855047,0,751.7064009,198.5330158,1.888678983,0,370.7992181,48.24239126,0,0,216.3214431,0.97790127,0,0,176.9017669,0.67274622,0,0,0,4.02091463,5096.012748,7678.670133,1.12612654,144,0,0.8020936,244.4821646,0,0,4212.990908,0,50,500,300,340.0026708,0,12675.32784,18323.60567
25,3548.563822,471.7323226,5498.137886,1413.758249,0.590384995,0,750.8114118,198.5330158,1.893585007,0,371.5836524,48.24239126,0,0,216.5868112,0.97790127,0,0,177.6280889,0.67274622,0,0,0,4.02091463,5128.362108,7575.371075,1.12612654,144,0,0.8020936,244.4821646,0,0,4212.990908,0,50,500,300,473.0026722,0,12604.37784,18385.65567
26,3541.22895,471.7323226,5486.031773,1413.758249,0.586102302,0,745.228356,198.5330158,1.883352443,0,369.4618441,48.24239126,0,0,214.2084037,0.97790127,0,0,176.1569914,0.67274622,0,0,0,4.02091463,5120.91491,7551.808404,1.12612654,144,0,0.8020936,244.4821646,0,0,4212.990908,0,50,500,300,683.0029581,0,12573.36784,18564.64596
29,3526.275661,471.7323226,5488.370379,1413.758249,0.581871836,0,738.6326557,198.5330158,1.876343838,0,367.7325965,48.24239126,0,0,211.0143538,0.97790127,0,0,175.0296628,0.67274622,0,0,0,4.02091463,5001.901328,7645.549738,1.12612654,144,0,0.8020936,244.4821646,0,0,4212.990908,0,50,500,300,657.0055306,0,12548.09784,18513.37853
30,3526.261738,471.7323226,5488.610132,1413.758249,0.582916395,0,739.9710583,198.5330158,1.879707968,0,368.4044121,48.24239126,0,0,212.0237658,0.97790127,0,0,175.7394412,0.67274622,0,0,0,4.02091463,5001.987415,7649.423297,1.12612654,144,0,0.8020936,244.4821646,0,0,4212.990908,0,50,500,300,657.0055306,0,12552.05784,18517.33853
31,3121.079976,471.7323226,5488.361476,1413.758249,0.586409832,0,743.063382,198.5330158,1.883579895,0,368.6115215,48.24239126,0,0,213.0889786,0.97790127,0,0,175.9283318,0.67274622,0,0,0,4.02091463,4600.215489,7650.325707,1.12612654,144,0,0.80212813,244.4821646,0,0,4213.170966,0,50,500,300,271.0021819,0,12151.18784,17730.64528
32,3451.103456,471.7323226,5507.387284,1413.758249,0.588655413,0,745.4860791,198.5330158,1.894933517,0,370.8259573,48.24239126,0,0,215.9787502,0.97790127,0,0,176.2954284,0.67274622,0,0,0,4.02091463,4930.485036,7677.01305,1.12612654,144,0,0.80212813,244.4821646,0,0,4213.170966,0,50,500,300,570.0025972,0,12508.13784,18386.59569
33,3449.147906,471.7323226,5489.952157,1413.758249,0.590378765,0,747.3004752,198.5330158,1.901241085,0,372.2568384,48.24239126,0,0,215.9555772,0.97790127,0,0,176.6212327,0.67274622,0,0,0,4.02091463,4908.549988,7683.113359,1.12612654,144,0,0.80212813,244.4821646,0,0,0,0,0,0,300,810.0029306,0,12492.30784,13847.59506
36,3597.290112,471.7323226,5471.416322,1413.758249,0.597669601,0,751.3844947,198.5330158,1.893531836,0,369.1465907,48.24239126,0,0,213.1065527,0.97790127,0,0,175.0322993,0.67274622,0,0,0,4.02091463,5111.758581,7606.046533,1.12612654,144,0,0.80212813,244.4821646,0,0,4213.170966,0,50,500,300,617.0050972,0,12618.44784,18543.90819
37,3597.209907,471.7323226,5471.660563,1413.758249,0.596886354,0,750.4085265,198.5330158,1.894703094,0,369.5391264,48.24239126,0,0,213.8727353,0.97790127,0,0,175.4669313,0.67274622,0,0,0,4.02091463,5111.794963,7606.791958,1.12612654,144,0,0.80212813,244.4821646,0,0,4213.170966,0,50,500,300,617.0050972,0,12619.22784,18544.68819
38,3668.700842,471.7323226,5472.802836,1413.758249,0.596834138,0,750.1508424,198.5330158,1.896384411,0,369.8071318,48.24239126,0,0,215.7266106,0.97790127,0,0,176.4056457,0.67274622,0,0,0,4.02091463,5161.882725,7632.141943,1.12612654,144,0,0.80212813,244.4821646,0,0,4213.170966,0,0,500,300,475.0024986,70,12694.66784,18498.12559
39,3666.672502,471.7912431,5467.845993,1413.758249,0.596886354,0,749.624541,198.5330158,1.900167372,0,369.5979748,48.24239126,0,0,216.3401177,0.97790127,0,0,176.2235097,0.67274622,0,0,0,4.02091463,5148.723872,7638.074281,1.12612654,144,0,0.80212813,244.4821646,0,0,4213.170966,0,0,500,300,410.0024083,223,12687.43784,18578.8955
40,3664.893211,471.7912431,5466.973725,1413.758249,0.596625272,0,750.2318804,198.5330158,1.884533178,0,369.2747093,48.24239126,0,0,216.597972,0.97790127,0,0,176.373537,0.67274622,0,0,0,4.02091463,5068.415977,7716.406677,1.12612654,144,0,0.80212813,244.4821646,0,0,4213.347424,0,0,500,300,487.0033319,154,12685.46784,18585.10288
43,3665.0096,471.7912431,5460.221636,1413.758249,0.592186873,0,763.4784685,198.5330158,1.885507961,0,368.832654,48.24239126,0,0,214.8765114,0.97790127,0,0,175.2882588,0.67274622,0,0,0,4.02091463,5068.4985,7719.682786,1.12612654,144,0,0.80212813,244.4821646,0,0,4213.347424,0,0,500,300,844.007057,0,12688.82784,18791.46661
44,3664.934589,471.7912431,5460.465669,1413.758249,0.440010573,0,742.7527964,198.5330158,1.884811688,0,368.7084816,48.24239126,0,0,214.6469432,0.97790127,0,0,175.4209517,0.67274622,0,0,0,4.02091463,5068.280486,7698.970229,1.12612654,144,0,0.80212813,244.4821646,0,0,4213.347424,0,0,500,300,844.007057,0,12667.89784,18770.53661
45,3651.867404,471.7912431,5449.742037,1413.758249,0.439040874,0,741.3473825,198.5330158,1.885090197,0,368.0033659,48.24239126,0,0,214.7215225,0.97790127,0,0,175.2555904,0.67274622,0,0,0,4.02091463,5055.211836,7686.046059,1.12612654,144,0,0.80212813,244.4821646,0,0,4213.347424,0,0,500,300,602.002675,0,12641.89784,18502.53223
46,3802.042016,671.7912431,5449.262646,1413.758249,0.440088149,0,743.3736531,198.5330158,1.885507961,0,367.7724643,48.24239126,0,0,215.2824602,0.97790127,0,0,175.3636879,0.67274622,0,0,0,4.02091463,5517.215373,7576.203612,1.12612654,144,0,0.80212813,244.4821646,0,0,4213.347424,0,0,500,300,515.0025542,0,12994.06784,18767.70211
47,3799.646644,671.8130209,5454.684974,1413.758249,0.440204513,0,744.2287624,198.5330158,1.893027712,0,370.3653191,48.24239126,0,0,216.2348658,0.97790127,0,0,175.8165795,0.67274622,0,0,0,4.02091463,5514.889849,7586.438767,1.12612654,144,0,0.80212813,244.4821646,0,0,4213.347424,0,0,500,300,515.0031097,0,13001.96784,18775.60266
50,3789.774821,671.8130209,5462.920793,1413.758249,0.439040874,0,743.7430125,198.5330158,1.890660383,0,371.2217419,48.24239126,0,0,216.0533666,0.97790127,0,0,175.0156249,0.67274622,0,0,0,4.02091463,5504.940364,7594.136936,1.12612654,144,0,0.80212813,244.4821646,0,0,4213.347424,0,0,500,300,620.0063805,0,12999.71784,18878.35593
51,3789.780509,671.8130209,5463.161463,1413.758249,0.440669968,0,746.515313,198.5330158,1.896509078,0,372.3822074,48.24239126,0,0,217.2103567,0.97790127,0,0,175.4781205,0.67274622,0,0,0,4.02091463,5504.997428,7599.88596,1.12612654,144,0,0.80212813,244.4821646,0,400,4213.347424,0,0,500,300,620.0063805,0,13005.52784,19284.16593
52,3750.164924,671.8130209,5463.399524,1413.758249,0.438459055,0,742.2238157,198.5330158,1.891635166,0,371.1760137,48.24239126,0,0,216.7111244,0.97790127,0,0,174.97842,0.67274622,0,0,0,4.02091463,5465.330274,7593.671882,1.12612654,144,0,4213.347424,244.4821646,0,400,0,0,0,500,300,620.0063805,0,12959.64784,19237.4838
52,3750.164924,671.8130209,5463.399524,1413.758249,0.438459055,0,742.2238157,198.5330158,1.891635166,0,371.1760137,48.24239126,0,0,216.7111244,0.97790127,0,0,174.97842,0.67274622,0,0,0,4.02091463,5465.330274,7593.671882,1.12612654,144,0,0.8,244.4821646,0,400,0.80212813,0,0,500,300,620.0063805,0,12959.64784,15025.73851
53,3600.182182,671.8130209,5459.822684,1413.758249,0.439196026,0,742.7770395,198.5330158,1.892470694,0,370.8864073,48.24239126,0,0,217.5271973,0.97790127,0,0,175.1019551,0.67274622,0,0,0,4.02091463,5319.429476,7587.217895,1.12612654,144,0,0.80212813,244.4821646,0,400,4213.347424,0,0,500,300,295.002457,0,12807.28784,18760.92201
53,3600.182182,671.8130209,5459.822684,1413.758249,0.439196026,0,742.7770395,198.5330158,1.892470694,0,370.8864073,48.24239126,0,0,217.5271973,0.97790127,0,0,175.1019551,0.67274622,0,0,0,4.02091463,5319.429476,7587.217895,1.12612654,144,0,0.80212813,244.4821646,0,400,4213.347424,0,0,500,300,295.002457,0,12807.28784,18760.92201
54,3598.470067,671.8130209,5454.687083,1413.758249,0.436054201,0,737.0564734,198.5330158,1.88188734,0,369.1284126,48.24239126,0,0,216.3369758,0.97790127,0,0,174.8562776,0.67274622,0,0,0,4.02091463,5317.680047,7573.191422,1.12612654,144,0,0.80212813,244.4821646,0,480,4213.347424,0,0,500,300,457.002682,90,12791.51784,19077.15223
57,3595.807976,671.8130209,5458.17593,1413.758249,0.436791173,0,738.5988511,198.5330158,1.864898273,0,366.3617385,48.24239126,0,0,217.3290794,0.97790127,0,0,175.4694673,0.67274622,0,0,0,4.02091463,5315.020684,7577.042287,1.12612654,144,0,0.80212813,244.4821646,0,480,4213.347424,0,0,500,300,521.00525,30,12792.70784,19082.3448
58,3595.728777,671.8130209,5458.415823,1413.758249,0.432718437,0,731.7243547,198.5330158,1.859328087,0,365.2793342,48.24239126,0,0,216.2259107,0.97790127,0,0,174.3960366,0.67274622,0,0,0,4.02091463,5314.844435,7567.236087,1.12612654,144,0,0.80212813,244.4821646,0,480,4213.347424,0,0,500,300,521.00525,30,12782.72784,19072.3648
60,3228.948993,671.8130209,5487.116452,1413.758249,0.431322071,0,736.1848506,198.5330158,1.854454174,0,367.6804775,48.24239126,0,0,219.9129809,0.97790127,0,0,176.1596489,0.67274622,0,0,0,4.02091463,4951.591999,7604.715419,1.12612654,144,0,0.80215932,244.4821646,0,480,4213.347424,0,40,500,300,125.0022417,150,12456.94784,18510.58182
61,3227.161312,671.8130209,5466.403089,1413.758249,0.43039116,0,732.2188731,198.5330158,1.864619764,0,367.3913136,48.24239126,0,0,219.9488585,0.97790127,0,0,176.9258901,0.67274622,0,0,0,4.02091463,4949.594755,7580.76783,1.12612654,144,0,0.80215932,244.4821646,0,680,4213.347424,0,40,500,300,335.0024083,150,12431.00784,18894.64199
64,2582.170964,671.8130209,5478.217756,1413.758249,0.423025722,0,720.9640399,198.5330158,1.839224395,0,362.5443676,48.24239126,0,0,222.0509688,0.97790127,0,0,175.6552713,0.67274622,0,0,0,4.02091463,4304.425883,7577.457974,1.12612654,144,0,0.80215932,244.4821646,0,680,4213.347424,0,40,500,300,258.0030939,0,11782.52784,18019.16268
65,2517.174258,671.8130209,5478.457393,1413.758249,0.421590948,0,718.5307942,198.5330158,1.839502896,0,362.6110052,48.24239126,0,0,223.6021747,0.97790127,0,0,176.189041,0.67274622,0,0,0,4.02091463,4239.469556,7577.374443,1.12612654,144,0,0.80215932,244.4821646,0,680,4213.347424,0,40,500,300,258.0030939,0,11717.48784,17954.12268
66,2452.06882,671.8130209,5472.062975,1413.758249,0.421435837,0,717.4518925,198.5330158,1.826970325,0,359.3234959,48.24239126,0,0,220.6518625,0.97790127,0,0,174.8110083,0.67274622,0,0,0,4.02091463,4175.641731,7560.994969,1.12612654,144,0,0.80215932,244.4821646,0,0,4213.347424,0,40,500,300,240.0091639,0,11637.27784,17175.91875
67,2695.070135,671.8130209,5462.433024,1413.758249,0.423180833,0,719.0806973,198.5330158,1.825717068,0,357.7018395,48.24239126,0,0,218.6927434,0.97790127,0,0,173.6159556,0.67274622,0,0,0,4.02091463,4418.64747,7548.214061,1.12612654,144,0,0.80215932,244.4821646,0,0,4213.347424,0,40,500,300,200.0091708,0,11867.50784,17366.14875
68,2490.499132,671.8130209,5456.61893,1413.758249,0.428726041,0,727.2288729,198.5330158,1.833236611,0,358.5574785,48.24239126,0,0,220.1569925,0.97790127,0,0,174.4242846,0.67274622,0,0,0,4.02091463,4214.199209,7553.566684,1.12612654,144,0,0.80215932,244.4821646,0,0,2013.347424,0,40,500,300,300.0092889,0,11668.40784,15067.04887
71,2340.875146,671.8130209,5448.925829,1413.758249,0.422909389,0,715.0067576,198.5330158,1.814994758,0,355.6950058,48.24239126,0,0,218.7726289,0.97790127,0,0,174.8730446,0.67274622,0,0,0,4.02091463,4064.594084,7529.810471,1.12612654,144,0,0.80215932,244.4821646,0,0,2013.347424,0,40,500,300,624.0138367,0,11495.04784,15217.69342
72,2330.877695,671.8130209,5449.1638,1413.758249,0.422909389,0,715.0188396,198.5330158,1.81193124,0,355.1061814,48.24239126,0,0,217.9431876,0.97790127,0,0,174.4580192,0.67274622,0,0,0,4.02091463,4054.55554,7528.265262,1.12612654,144,0,0.80215932,244.4821646,0,0,2013.347424,0,40,500,300,624.0138367,0,11483.46784,15206.11342
73,2299.285372,671.8130209,5433.642953,1413.758249,0.425662604,0,718.1142795,198.5330158,1.815969513,0,355.2330115,48.24239126,0,0,215.7858743,0.97790127,0,0,173.6912405,0.67274622,0,0,0,4.02091463,4024.138113,7511.874489,1.12612654,144,0,0.80215932,244.4821646,0,0,2013.347424,0,40,500,300,653.0097669,0,11436.65784,15188.29935
74,2664.305417,671.8130209,5433.45804,1413.758249,0.425352383,0,718.4947789,198.5330158,1.817779773,0,355.7155458,48.24239126,0,0,216.2970703,0.97790127,0,0,174.4406882,0.67274622,0,0,0,4.02091463,4311.665727,7591.307185,1.12612654,144,0,0.80215932,244.4821646,0,0,2013.347424,0,40,500,300,668.0102211,0,11803.61784,15570.2598
75,2952.0707,671.8566053,5427.678158,1413.758249,0.370879988,0,721.8077057,198.5330158,1.831983354,0,358.1588286,48.24239126,0,0,219.5791945,0.97790127,0,0,175.3129659,0.67274622,0,0,0,4.02091463,4558.695278,7636.176961,1.12612654,144,0,0.80215932,244.4821646,0,0,2013.347424,0,40,500,300,353.0093192,0,12095.51784,15547.1589
78,3372.429292,671.8566053,5426.59561,1413.758249,0.371417836,0,723.3654248,198.5330158,520.7324048,0,360.3392598,48.24239126,0,0,222.4279386,0.97790127,0,0,176.4130215,0.67274622,0,0,0,4.02091463,5498.066775,7642.669418,1.12612654,144,0,0.80215932,244.4821646,0,0,2013.347424,0,40,500,300,415.022,0,13041.37784,16555.03158
79,3362.445719,671.8566053,5426.837875,1413.758249,0.371350605,0,723.2465044,198.5330158,520.060492,0,359.8859864,48.24239126,0,0,222.1100201,0.97790127,0,0,176.4639261,0.67274622,0,0,0,4.02091463,5487.411862,7642.071835,1.12612654,144,0,0.80215932,244.4821646,511.4285714,0,2013.347424,0,40,500,300,415.022,0,12518.69926,16543.78158
80,3243.703518,671.8566053,5406.84925,1413.758249,0.369871523,0,719.0903622,198.5330158,519.8628706,0,358.7684397,48.24239126,0,0,221.7512169,0.97790127,0,0,176.5718314,0.67274622,0,0,0,4.02091463,5281.405884,7703.6233,1.12612654,144,0,0.80215932,244.4821646,511.4285714,0,2013.347424,0,40,500,300,442.01235,0,12374.24926,16426.32193
81,3013.647698,671.493219,5400.835925,1413.758249,0.370678295,0,719.4387916,198.5330158,524.9615029,0,361.5820894,48.24239126,0,0,222.8620082,0.97790127,0,0,176.3664095,0.67274622,0,0,0,4.02091463,4956.399774,7801.363767,1.12612654,144,0,0.80215932,244.4821646,511.4285714,0,2013.347424,0,40,500,300,470.0128653,0,12146.97926,16227.05245
82,2962.014432,671.5483232,5408.316016,1413.758249,0.369266443,0,717.1759759,198.5330158,521.3647933,0,359.6481707,48.24239126,0,0,223.9447671,0.97790127,0,0,176.5359899,0.67274622,0,0,0,4.02091463,4801.059166,7906.063787,1.12612654,144,0,0.80215932,244.4821646,511.4285714,0,2013.347424,0,40,500,300,680.0143333,0,12096.33926,16386.41392
85,2808.247984,671.7928819,5386.546606,1413.758249,0.369098366,0,714.4511131,198.5330158,520.9557893,0,358.7777732,48.24239126,0,0,224.0104181,0.97790127,0,0,177.2781881,0.67274622,0,0,0,4.02091463,4702.223501,7826.41157,1.12612654,144,0,0.80215932,244.4821646,511.4285714,0,2013.347424,0,40,500,300,630.0291833,0,11917.84926,16157.93877
86,2758.268634,671.7981862,5386.755628,1413.758249,0.368123516,0,712.5758472,198.5330158,519.9675584,0,358.108864,48.24239126,0,0,224.4404803,0.97790127,0,0,177.1878195,0.67274622,0,0,0,4.02091463,4651.06433,7824.612029,1.12612654,144,0,0.80215932,244.4821646,511.4285714,0,2013.347424,0,40,500,300,630.0291833,0,11864.88926,16104.97877
87,2730.207078,671.7351311,5384.84993,1413.758249,0.369333674,0,714.3423962,198.5330158,517.5562751,0,356.8174795,48.24239126,0,0,222.8040369,0.97790127,0,0,176.777974,0.67274622,0,0,0,4.02091463,4620.929129,7820.735724,1.12612654,144,0,0.80215932,241.8216308,511.4285714,0,2013.347424,0,40,500,300,535.0131667,0,11833.5398,15975.95275
88,2310.120173,671.7531307,5389.268218,1413.758249,0.129071614,0,721.013973,198.5330158,517.8725089,0,357.1351651,48.24239126,0,0,223.5627091,0.97790127,0,0,177.1956603,0.67274622,0,0,0,4.02091463,4151.742675,7882.513153,1.12612654,144,0,0.80215932,241.8216308,511.4285714,0,2013.347424,0,40,500,300,575.0135042,0,11426.1298,15608.54309
89,2354.493273,671.8140993,5395.018362,1413.758249,0.129683328,0,723.4688448,198.5330158,518.5049767,0,357.3468554,48.24239126,0,0,222.8864124,0.97790127,0,0,176.9522969,0.67274622,0,0,0,4.02091463,4177.623493,7909.196529,1.12612654,144,0,0.80215932,241.8216308,511.4285714,0,4213.347424,0,40,500,300,278.0110433,0,11478.6998,17564.11063
92,2075.522034,671.6581374,5381.838898,1413.758249,0.128096943,0,716.2407986,198.5330158,518.293332,0,357.3402782,48.24239126,0,0,222.7338838,0.97790127,0,0,176.5205942,0.67274622,0,0,0,4.02091463,3866.624914,7919.856357,1.12612654,144,0,0.80227742,241.8216308,511.4285714,0,4213.347424,0,40,500,300,385.0205833,70,11178.3598,17440.78028
93,2076.019248,671.6634417,5382.089656,1413.758249,0.12822553,0,717.2914031,198.5330158,518.5305372,0,357.5154639,48.24239126,0,0,223.6392676,0.97790127,0,0,176.9387218,0.67274622,0,0,0,4.02091463,3867.429623,7922.59156,1.12612654,144,0,0.80227742,241.8216308,511.4285714,0,4304.067024,0,40,500,300,385.0205833,70,11181.8998,17535.03988
94,2050.449966,671.7168535,5385.269461,1413.758249,0.127308638,0,712.4032409,198.5330158,518.3724004,0,357.4641028,48.24239126,0,0,224.7832444,0.97790127,0,0,177.3359419,0.67274622,0,0,0,4.02091463,3791.96249,7972.165247,1.12612654,144,0,0.80227742,241.8216308,511.4285714,0,4304.067024,0,40,500,300,305.0112917,99,11155.9998,17458.13059
95,2050.473048,671.5384522,5371.305843,1413.758249,0.12155728,0,705.9249486,198.5330158,516.7910325,0,355.668491,48.24239126,0,0,224.8905531,0.97790127,0,0,177.0342174,0.67274622,0,0,0,4.02091463,3790.244113,7949.709248,1.12612654,144,0,0.80227742,241.8216308,511.4285714,0,4304.067024,0,40,500,300,220.0105,45,11131.8298,17294.9598
96,2009.439413,671.5858931,5372.218132,1413.758249,0.121657639,0,706.4039037,198.5330158,517.1863744,0,355.8384359,48.24239126,0,0,222.0689766,0.97790127,0,0,176.2827247,0.67274622,0,0,0,4.02091463,3749.645794,7947.704935,1.12612654,144,0,0.80227742,241.8216308,511.4285714,0,4304.067024,0,40,500,300,250.0116417,35,11089.2298,17272.36094
99,2109.488523,671.7000553,5367.58992,1413.758249,0.121245051,0,702.0237566,198.5330158,514.0027176,0,353.4846546,48.24239126,0,0,221.1319297,0.97790127,0,0,175.7203015,0.67274622,0,0,0,4.02091463,3846.627006,7934.841316,1.12612654,144,0,0.80227742,241.8216308,511.4285714,0,4304.067024,0,40,500,300,470.0247167,35,11173.3398,17576.48402
100,2109.48797,671.7084334,5367.840347,1413.758249,0.107215074,0,702.5528946,198.5330158,514.5167203,0,353.849691,48.24239126,0,0,220.6983449,0.97790127,0,0,175.3947368,0.67274622,0,0,0,4.02091463,3847.12223,7935.239341,1.12612654,144,0,0.80227742,241.8216308,511.4285714,0,4304.067024,0,40,500,300,470.0247167,0,11174.2398,17542.38402
101,2045.75138,671.7412253,5366.249125,1413.758249,0.107136247,0,700.7662177,198.5330158,514.8725683,0,353.5402645,48.24239126,0,0,220.5438884,0.97790127,0,0,174.825315,0.67274622,0,0,0,4.02091463,3783.977749,7930.624589,1.12612654,144,0,0.80227742,241.8216308,511.4285714,0,4304.067024,0,40,500,300,350.013975,0,11106.4798,17354.61328
102,2030.87488,672.0230412,5378.756072,1413.758249,0.105940473,0,699.1775155,198.5330158,514.466055,0,353.6245244,48.24239126,0,0,221.7732456,0.97790127,0,0,175.4484645,0.67274622,0,0,0,4.02091463,3796.985508,7915.469449,1.12612654,144,0,0.80227742,241.8216308,511.4285714,0,4304.067024,0,40,500,300,346.0139467,0,11104.3298,17348.46325
103,2029.370663,672.0880596,5381.355331,1413.758249,0.106611249,0,703.992837,198.5330158,519.3694978,0,357.068349,48.24239126,0,0,221.9348863,0.97790127,0,0,176.4558991,0.67274622,0,0,0,4.02091463,3800.65487,7927.292483,1.12612654,144,0,0.80227742,241.8216308,511.4285714,0,4304.067024,0,40,500,300,205.0127792,0,11119.8198,17222.95208
106,2590.559073,671.9012802,5369.947822,1413.758249,0.94824806,0,697.1573372,198.5330158,516.1664424,0,354.4370321,48.24239126,0,0,219.730331,0.97790127,0,0,175.2994722,0.67274622,0,0,0,4.02091463,4329.209623,7933.142633,1.12612654,144,0,0.80227742,241.8216308,511.4285714,0,4304.067024,0,40,500,300,270.0097167,0,11654.2298,17822.35902
107,2530.582673,671.9096583,5370.197347,1413.758249,0.94728252,0,696.4599754,198.5330158,515.0987573,0,353.7154459,48.24239126,0,0,219.0874618,0.97790127,0,0,175.0586812,0.67274622,0,0,0,4.02091463,4268.120868,7931.141633,1.12612654,144,0,0.80227742,241.8216308,511.4285714,0,4304.067024,0,40,500,300,270.0163833,0,11591.1398,17759.27568
108,2405.971395,671.9190134,5369.418804,1413.758249,0.920650496,0,695.2463001,198.5330158,514.3078794,0,353.1839,48.24239126,0,0,219.2483512,0.97790127,0,0,175.8195681,0.67274622,0,0,0,4.02091463,4143.115372,7929.125708,1.12612654,144,0,0.80227742,241.8216308,511.4285714,0,4304.067024,0,40,500,300,120.0105778,0,11464.1198,17482.24988
109,2461.134127,671.6432116,5356.398299,1413.758249,0.924410695,0,697.8239655,198.5330158,515.6128279,0,353.7284583,48.24239126,0,0,220.2724535,0.97790127,0,0,175.5270086,0.67274622,0,0,0,4.02091463,4180.056998,7939.212981,1.12612654,144,0,0.80227742,241.8216308,511.4285714,0,4304.439246,0,40,500,300,170.0109667,0,11511.1498,17579.65249
110,2434.866604,671.7062767,5362.04213,1413.758249,0.925176038,0,698.8867665,198.5330158,515.8061842,0,353.9654279,48.24239126,0,0,220.5328829,0.97790127,0,0,176.6992054,0.67274622,0,0,0,4.02091463,4166.618638,7935.017234,1.12612654,144,0,0.80227742,241.8216308,511.4285714,50,4304.439246,0,40,500,300,220.0113833,0,11493.5098,17662.01291
113,2409.844557,671.5279383,5353.19913,1413.758249,0.920475808,0,692.0855163,198.5330158,507.2167668,0,347.051846,48.24239126,0,0,213.9523431,0.97790127,0,0,173.243466,0.67274622,0,0,0,4.02091463,4133.673594,7901.573663,1.12612654,144,0,0.80227742,241.8216308,511.4285714,50,4304.439246,0,40,500,300,270.01805,0,11427.1198,17645.62957
114,2459.861073,671.5363164,5353.449445,1413.758249,0.921586772,0,692.9333246,198.5330158,506.623392,0,346.6572074,48.24239126,0,0,212.7505183,0.97790127,0,0,173.2530867,0.67274622,0,0,0,4.02091463,4183.117048,7901.07412,1.12612654,144,0,0.80227742,241.8216308,511.4285714,50,4304.439246,0,40,500,300,270.01805,0,11476.0698,17694.57957
115,2404.839442,671.6989916,5361.550495,1413.758249,0.917228377,0,691.991044,198.5330158,504.9223843,0,346.6291643,48.24239126,0,0,213.5025562,0.97790127,0,0,173.9414689,0.67274622,0,0,0,4.02091463,4127.042663,7909.15533,0,0,0,0.80227742,241.8216308,511.4285714,50,2554.439246,0,40,500,300,120.01055,0,11282.9498,15601.45207
116,2144.896619,671.9300262,5372.538899,1413.758249,0.909366176,0,686.2422744,198.5330158,497.5645369,0,341.9563137,48.24239126,0,0,212.0771763,0.97790127,0,0,172.8512162,0.67274622,0,0,0,4.02091463,3859.555342,7907.616304,1.12612654,144,0,0.80227742,241.8216308,511.4285714,50,2554.439246,0,40,500,300,120.01055,0,11159.0498,15477.55207
117,2110.251158,671.8749276,5367.738682,1413.758249,0.898854754,0,678.7233099,198.5330158,494.9932462,0,340.3244486,48.24239126,0,0,209.9283705,0.97790127,0,0,172.1373742,0.67274622,0,0,0,4.02091463,3822.081806,7890.993784,1.12612654,144,0,0.80227742,241.8216308,511.4285714,50,2606.283646,0,40,500,300,220.0113833,0,11104.9498,15575.29731
127,2114.59208,671.6257006,5347.359498,1413.758249,1.241237154,0,674.6720426,198.5330158,487.4771656,0,335.0972993,48.24239126,0,0,207.8434236,0.97790127,0,0,170.7008901,0.67274622,0,0,0,4.02091463,3843.986304,7832.828251,1.12612654,144,0,0.80247799,241.8216308,511.4285714,50,2607.274416,0,40,500,300,295.0502944,0,11068.6898,15615.06719
128,2065.151579,671.6340787,5347.606427,1413.758249,1.237350559,0,672.5716685,198.5330158,486.1321827,0,334.1836482,48.24239126,0,0,206.0313573,0.97790127,0,0,170.3274113,0.67274622,0,0,0,4.02091463,3793.086993,7827.993928,1.12612654,144,0,0.80247799,241.8216308,511.4285714,50,2607.274416,0,40,500,300,295.0502944,0,11012.9598,15559.33719
129,2227.853148,671.7877211,5361.338266,1413.758249,1.2453593,0,677.6597979,198.5330158,489.0801218,0,336.8320777,48.24239126,0,0,204.932992,0.97790127,0,0,169.8135263,0.67274622,0,0,0,4.02091463,3889.185309,7917.562921,1.12612654,144,0,0.80247799,241.8216308,511.4285714,50,2607.274416,0,40,500,300,295.0209986,0,11198.6198,15744.96789
130,2192.139316,672.1395655,5360.914741,1413.758249,1.240766051,0,676.7576306,198.5330158,487.8533653,0,336.5097497,48.24239126,0,0,204.8865578,0.97790127,0,0,169.7062668,0.67274622,0,0,0,4.02091463,3852.418791,7915.934386,1.12612654,144,0,0.80247799,241.8216308,511.4285714,50,2607.274416,0,40,500,300,327.0216542,0,11160.2298,15738.57855
131,2168.000324,672.1244962,5363.922957,1413.758249,1.239588295,0,676.8879671,198.5330158,484.0148046,0,334.1788775,48.24239126,0,0,203.8993657,0.97790127,0,0,169.7746605,0.67274622,0,0,0,4.02091463,3824.44509,7915.803169,1.12612654,144,0,0.80247799,241.8216308,511.4285714,50,2607.274416,0,40,500,300,270.0204611,0,11132.1198,15653.46736
134,2349.417628,672.2353437,5365.708664,1413.758249,1.225333709,0,671.0109052,198.5330158,485.122799,0,335.2057589,48.24239126,0,0,204.7359576,0.97790127,0,0,170.4548159,0.67274622,0,0,0,4.02091463,3896.168907,8025.153518,1.12612654,144,0,0.80247799,241.8216308,511.4285714,50,2607.274416,0,40,500,300,177.0292289,0,11313.1998,15741.55612
135,2349.456924,672.2446335,5365.971385,1413.758249,1.223803072,0,670.184753,198.5330158,484.1730521,0,334.5603688,48.24239126,0,0,203.2416047,0.97790127,0,0,170.2535472,0.67274622,0,0,0,4.02091463,3895.228679,8022.28661,1.12612654,144,0,0.80247799,241.8216308,511.4285714,50,2607.274416,0,40,500,300,177.0292289,0,11309.3898,15737.74612
136,2996.647306,672.2703296,5371.273248,1413.758249,1.229219172,0,673.0151548,198.5330158,488.0511853,0,337.3059835,48.24239126,0,0,206.7232862,0.97790127,0,0,172.1808327,0.67274622,0,0,0,4.02091463,4555.789956,8029.111807,1.12612654,187,0,0.80247799,241.8216308,511.4285714,50,2607.274416,0,40,500,300,180.0183778,0,12019.7798,16451.12527
137,2995.74491,672.0323536,5358.262085,1413.758249,1.239815889,0,676.8784843,198.5330158,493.3143977,0,339.456134,48.24239126,0,0,206.4079385,0.97790127,0,0,171.8955545,0.67274622,0,0,0,4.02091463,4560.54246,8020.894432,1.12612654,187,0,0.80247799,241.8216308,511.4285714,50,2607.274416,0,40,500,300,127.2474809,0,12016.3098,16394.88437
138,2989.535722,672.1070732,5364.495599,1413.758249,1.236048167,0,674.7269244,198.5330158,489.8604045,0,336.9431703,48.24239126,0,0,206.867353,0.97790127,0,0,172.0184265,0.67274622,0,0,0,4.02091463,4551.013298,8022.982642,1.12612654,187,0,0.80247799,241.8216308,511.4285714,50,2607.274416,0,40,500,300,227.1993254,0,12008.8698,16487.39622
141,3286.91298,672.3589658,5376.342344,1413.758249,1.242877163,0,679.4587903,198.5330158,493.065865,0,338.9977217,48.24239126,0,0,207.5562317,0.97790127,0,0,172.0671461,0.67274622,0,0,0,4.02091463,4856.543908,8037.664233,1.12612654,187,0,0.80247799,241.8216308,511.4285714,50,2607.274416,0,40,500,300,227.8830796,0,12329.0798,16808.28997
142,3286.766288,672.3682556,5376.604596,1413.758249,1.24711585,0,681.7883542,198.5330158,496.3503327,0,341.2670234,48.24239126,0,0,209.6968894,0.97790127,0,0,172.7214106,0.67274622,0,0,0,4.02091463,4859.823073,8045.192411,1.12612654,187,0,0.80247799,241.8216308,511.4285714,50,2607.274416,0,40,500,300,227.9353741,0,12339.8898,16819.15227
143,3272.205518,672.3119204,5370.575449,1413.758249,1.256535154,0,685.6850464,198.5330158,497.2689879,0,341.3084035,48.24239126,0,0,209.2999007,0.97790127,0,0,172.6630324,0.67274622,0,0,0,4.02091463,4846.506364,8042.273647,1.12612654,187,0,0.80247799,241.8216308,511.4285714,50,2607.274416,0,40,500,300,227.934758,0,12323.6598,16802.92165
144,3090.217926,672.6176948,5384.48698,1413.758249,1.261480288,0,689.3257747,198.5330158,496.1212006,0,341.3494492,48.24239126,0,0,210.5083737,0.97790127,0,0,172.7483413,0.67274622,0,0,0,4.02091463,4663.430631,8061.411808,1.12612654,187,0,0.80247799,241.8216308,511.4285714,50,2607.274416,0,40,500,300,320.0214889,0,12159.7198,16731.06838
145,3063.529507,672.6783515,5388.647351,1413.758249,1.259714169,0,688.7840854,198.5330158,498.0166787,0,342.7854622,48.24239126,0,0,209.8160185,0.97790127,0,0,172.6410811,0.67274622,0,0,0,4.02091463,4589.203142,8115.160326,1.12612654,187,0,0.80247799,241.8216308,511.4285714,50,2607.274416,0,40,500,300,420.0237111,0,12139.2398,16810.59061
148,3013.52938,672.7312208,5389.289683,1413.758249,1.263364149,0,690.8630107,198.5330158,499.3550897,0,343.7023506,48.24239126,0,0,211.6656575,0.97790127,0,0,173.9602161,0.67274622,0,0,0,4.02091463,4540.850854,8121.714336,1.12612654,187,0,0.80247799,241.8216308,511.4285714,50,2607.274416,0,40,500,300,420.0602389,0,12097.4398,16768.82713
150,3052.999574,672.946484,5389.969978,1413.758249,1.265483492,0,690.5951083,198.5330158,499.4543707,0,343.2803932,48.24239126,0,0,212.4756864,0.97790127,0,0,174.6162705,0.67274622,0,0,0,4.02091463,4580.853461,8122.955105,1.12612654,187,0,0.80247799,241.8216308,511.4285714,50,2662.450416,0,40,500,300,420.0602389,0,12138.6798,16058.11664
151,2612.670713,672.7702274,5380.203604,1413.758249,1.261849207,0,687.3694024,198.5330158,498.9852631,0,342.0395113,48.24239126,0,0,212.1722608,0.97790127,0,0,174.8644533,0.67274622,0,0,0,4.02091463,4142.72229,8105.820213,1.12612654,187,0,0.80296839,241.8216308,511.4285714,50,2662.450416,0,40,500,300,76.51612486,0,11683.4198,16066.43951
152,2585.988325,672.5621339,5368.990128,1413.758249,1.240916234,0,682.0315715,198.5330158,494.3427331,0,338.2351604,48.24239126,0,0,211.3287127,0.97790127,0,0,174.2480316,0.67274622,0,0,0,4.02091463,4111.299404,8083.873527,1.12612654,187,0,0.80296839,42.08118611,511.4285714,50.03055861,2664.048655,0,40,500,300,168.018175,0,11829.79024,16106.20036
155,2486.250544,672.5644178,5368.166894,1413.758249,1.246345079,0,684.3253887,198.5330158,494.6200531,0,338.4581437,48.24239126,0,0,212.4018167,0.97790127,0,0,175.0570044,0.67274622,0,0,0,4.02091463,4016.410871,8082.884954,1.12612654,187,0,0.80296839,42.08118611,511.4285714,50.03055861,2664.048655,0,40,500,300,239.0344622,0,11733.91024,16081.33664
156,2461.636169,672.5737076,5368.433475,1413.758249,1.247159151,0,684.7764183,198.5330158,495.0558417,0,338.7674336,48.24239126,0,0,212.1481041,0.97790127,0,0,175.2327998,0.67274622,0,0,0,4.02091463,3992.259158,8083.817168,1.12612654,187,0,0.80296839,42.08118611,511.4285714,50.03055861,2664.048655,0,40,500,300,239.0344622,0,11710.69024,16058.11664
157,2656.717215,672.4503798,5359.469484,1413.758249,1.24215842,0,681.2524052,198.5330158,495.4916303,0,338.2636487,48.24239126,0,0,211.5391948,0.97790127,0,0,174.7396973,0.67274622,0,0,0,4.02091463,4142.000575,8115.370457,1.12612654,187,0,0.80296839,42.08118611,511.4285714,50.03055861,2664.048655,0,40,500,300,295.0209333,0,11891.99024,16295.40312
158,2507.725687,672.4321308,5362.186885,1413.758249,1.242391012,0,681.4436914,198.5330158,497.861773,0,340.1214882,48.24239126,0,0,211.686414,0.97790127,0,0,175.3371243,0.67274622,0,0,0,4.02091463,3944.444433,8171.79837,1.12612654,187,0,0.80296839,42.08118611,511.4285714,50.03055861,2664.048655,0,40,500,300,253.0243111,0,11750.86024,16112.27649
159,2481.064941,672.3316557,5357.984738,1413.758249,1.24808952,0,683.7953256,198.5330158,497.0298244,0,339.2824606,48.24239126,0,0,211.33932,0.97790127,0,0,175.036224,0.67274622,0,0,0,4.02091463,3867.136162,8218.181636,1.12612654,187,0,0.80296839,42.08118611,511.4285714,50.03055861,2664.048655,-50,40,500,300,96.02103333,0,11719.93024,15874.34322
162,2455.184903,671.7042511,5332.070867,1413.758249,1.222155494,0,664.8412805,198.5330158,487.3633748,0,330.8434906,48.24239126,0,0,206.8493016,0.97790127,0,0,171.4808731,0.67274622,0,0,0,4.02091463,3831.17946,8156.586255,1.12612654,187,0,0.80296839,42.08118611,511.4285714,50.03055861,2664.048655,-50,40,500,300,226.0379772,0,11622.38024,15906.81016
162,2455.184903,671.7042511,5332.070867,1413.758249,1.222155494,0,664.8412805,198.5330158,487.3633748,0,330.8434906,48.24239126,0,0,206.8493016,0.97790127,0,0,171.4808731,0.67274622,0,0,0,4.02091463,3831.17946,8156.586255,1.12612654,187,0,0.80296839,42.08118611,511.4285714,50.03055861,2664.048655,50,40,500,300,226.0379772,0,11622.38024,16006.81016
163,2431.565657,671.7135409,5332.336594,1413.758249,1.220062165,0,663.7147603,198.5330158,486.848359,0,330.5047807,48.24239126,0,0,206.3322493,0.97790127,0,0,171.1826053,0.67274622,0,0,0,4.02091463,3807.012113,8154.611715,1.12612654,187,0,0.80296839,42.08118611,511.4285714,50.03055861,2664.048655,50,40,500,300,226.0379772,0,11596.24024,15980.67016
164,2411.644879,670.2106451,5302.474878,1413.758249,1.197127791,0,655.7007908,198.5330158,482.1736006,0,326.8088758,48.24239126,0,0,204.3460939,0.97790127,0,0,169.7505248,0.67274622,0,0,0,4.02091463,3643.422262,8247.090372,1.12612654,187,0,0.80296839,42.08118611,511.4285714,50.03555861,2664.048655,50,40,500,300,174.0227667,0,11525.13024,15857.54995
165,2255.746002,669.6973764,5290.479546,1413.758249,1.199309398,0,654.8772446,198.5330158,476.3562199,0,322.8970945,48.24239126,0,0,201.9758385,0.97790127,0,0,168.6876853,0.67274622,0,0,0,4.02091463,3476.376932,8231.744602,1.12612654,187,0,0.80296839,42.08118611,511.4285714,50.03555861,2664.048655,50,40,500,300,158.0224028,0,11342.74024,15659.15958
166,2886.128521,670.4289318,5313.766324,1413.758249,1.199079755,0,657.3005704,198.5330158,481.6284182,0,327.4478222,48.24239126,0,0,204.5535581,0.97790127,0,0,170.0232992,0.67274622,0,0,0,4.02091463,4065.131903,8313.549839,1.12612654,187,0,0.80296839,42.08118611,511.4285714,50.03555861,2664.048655,50,40,500,300,121.0215889,0,12013.30024,16292.71877
169,3247.149917,671.3979976,5320.617902,1413.758249,1.204246717,0,660.0444755,198.5330158,483.8623494,0,327.5290949,48.24239126,0,0,201.8013605,0.97790127,0,0,168.1221926,0.67274622,0,0,0,4.02091463,4428.902158,8319.032596,1.12612654,187,0,0.80296839,42.08118611,511.4285714,50.03555861,2664.048655,50,40,500,300,126.042057,0,12382.55024,16666.98924
170,3250.292295,671.4143284,5320.921862,1413.758249,1.202518032,0,662.5114002,198.5330158,485.4078557,0,328.5861264,48.24239126,0,0,202.8920858,0.97790127,0,0,168.7133616,0.67274622,0,0,0,4.02091463,4433.667882,8324.47917,1.12612654,187,0,0.80296839,42.08118611,511.4285714,50.03555861,2664.048655,200,40,500,300,126.042057,0,12392.76024,16827.19924
171,2984.419329,671.4306592,5321.198052,1413.758249,1.202632264,0,661.4242721,198.5330158,486.5174499,0,328.7283739,48.24239126,0,0,203.5425303,0.97790127,0,0,169.3720709,0.67274622,0,0,0,4.02091463,4169.030662,8325.009926,1.12612654,187,0,0.80296839,-3.08071609,511.4285714,50.03555861,2664.048655,200,40,500,300,126.042057,0,12173.82214,16563.09924
172,2747.749478,671.3407402,5317.088667,1413.758249,1.200690324,0,660.2614105,198.5330158,485.1700855,0,327.7526816,48.24239126,0,0,202.4885755,0.97790127,0,0,169.00567,0.67274622,0,0,0,4.02091463,3928.370368,8319.89285,1.12612654,187,0,0.80296839,0,511.4285714,50.03555861,2664.048655,200,40,500,300,141.0279694,0,11924.96143,16332.30515
173,2666.147481,671.8726956,5336.118716,1413.758249,1.206973072,0,665.7225957,198.5330158,485.5267408,0,329.2003888,48.24239126,0,0,202.1542813,0.97790127,0,0,169.2743518,0.67274622,0,0,0,4.02091463,3847.244662,8346.184781,1.12612654,187,0,0.80296839,0,511.4285714,50.03555861,2664.048655,200,40,500,300,233.0320661,0,11870.13143,16369.47925
176,2546.791516,672.0748744,5341.202466,1413.758249,1.195427077,0,668.522651,198.5330158,485.764511,0,330.8093129,48.24239126,0,0,203.8590026,0.97790127,0,0,170.580334,0.67274622,0,0,0,4.02091463,3728.229393,8358.77592,1.12612654,187,0,0.80296839,0,511.4285714,50.03555861,2732.843855,250,40,500,300,226.0539106,0,11763.70143,16374.86629
177,2396.866256,672.0912052,5341.500873,1413.758249,1.197128995,0,669.4869746,198.5330158,486.200423,0,331.1172523,48.24239126,0,0,203.3701092,0.97790127,0,0,170.8547757,0.67274622,0,0,0,4.02091463,3578.780458,8360.109758,1.12612654,187,0,0.80296839,0,511.4285714,50.03555861,2732.843855,250,40,500,300,226.0539106,0,11615.59143,16226.75629
